rok,wojewodztwo,teryt,zuzycie_energii_GWh,cena_energii_zl_kWh,ludnosc,ludnosc_miasto,urbanizacja_pct,pkb_mln_zl,hdd,cdd,dochod_os
2004,dolnośląskie,02,1633,0.39,2893055,2053442,70.98,71297,3376.7,1.83,8986.32
2004,kujawsko-pomorskie,04,1152,0.39,2068258,1276853,61.74,44573,3504.43,1.07,7834.08
2004,lubelskie,06,886,0.42,2185156,1019992,46.68,38504,3594.02,2.58,8120.4
2004,lubuskie,08,599,0.4,1009168,648212,64.23,21925,3174.92,3.01,7852.44
2004,łódzkie,10,1469,0.41,2587702,1674882,64.72,59178,3398.66,8.18,8766.36
2004,małopolskie,12,2399,0.41,3260201,1621606,49.74,70800,3545.21,3.28,8611.32
2004,mazowieckie,14,3506,0.41,5145997,3329863,64.71,191572,3584.62,2.65,11282.16
2004,opolskie,16,675,0.38,1051531,554028,52.69,21936,3314.13,3.72,8935.68
2004,podkarpackie,18,787,0.41,2097975,848719,40.45,37090,3459.59,6.49,7025.16
2004,podlaskie,20,503,0.42,1202425,710828,59.12,22180,3903.72,0.01,7738.56
2004,pomorskie,22,1519,0.41,2194041,1481361,67.52,52239,3625.86,0.32,9039.84
2004,śląskie,24,3323,0.42,4700771,3702639,78.77,128080,3420.08,4.19,8979.48
2004,świętokrzyskie,26,492,0.4,1288693,586665,45.52,25874,3533.12,4.73,7385.52
2004,warmińsko-mazurskie,28,788,0.4,1428714,858820,60.11,26391,3795.84,0.06,7892.16
2004,wielkopolskie,30,2061,0.42,3365283,1927840,57.29,88369,3336.18,3.22,8410.2
2004,zachodniopomorskie,32,1012,0.41,1694865,1174336,69.29,37330,3427.97,0.45,9144.48
2005,dolnośląskie,02,1728,0.4,2888232,2052094,71.05,77290,3475.07,14.67,9335.28
2005,kujawsko-pomorskie,04,1270,0.4,2068253,1272615,61.53,46328,3505,9.79,7968.24
2005,lubelskie,06,1161,0.44,2179611,1016865,46.65,40277,3635.49,14.17,8068.44
2005,lubuskie,08,640,0.42,1009198,647054,64.12,23710,3207.18,11.29,8295
2005,łódzkie,10,1683,0.42,2577465,1665261,64.61,62749,3463.14,21.81,9227.64
2005,małopolskie,12,2745,0.43,3266187,1619398,49.58,75277,3686.74,13.62,8787.24
2005,mazowieckie,14,3927,0.42,5157729,3338255,64.72,207303,3581.49,9.09,11255.64
2005,opolskie,16,738,0.4,1047407,551238,52.63,22615,3434.98,17.95,9555.6
2005,podkarpackie,18,998,0.42,2098263,846826,40.36,39113,3571.33,19.51,7428.24
2005,podlaskie,20,681,0.44,1199689,709950,59.18,23527,3885.74,3.59,8696.16
2005,pomorskie,22,1575,0.43,2199043,1480133,67.31,56034,3559.63,0.94,9612.96
2005,śląskie,24,3354,0.42,4685775,3685324,78.65,130712,3549.59,16.21,9513.84
2005,świętokrzyskie,26,632,0.42,1285007,583488,45.41,26153,3606.32,15.25,7452.12
2005,warmińsko-mazurskie,28,874,0.42,1428601,857850,60.05,27870,3737.45,4.39,8415.12
2005,wielkopolskie,30,2194,0.44,3372417,1925481,57.09,94579,3373.1,13.78,8863.32
2005,zachodniopomorskie,32,1053,0.42,1694178,1171908,69.17,39758,3363.79,3.09,9150.48
2006,dolnośląskie,02,1897,0.42,2882317,2042653,70.87,86479,3349.45,43.17,10235.76
2006,kujawsko-pomorskie,04,1365,0.43,2066371,1267250,61.33,50143,3443.59,47.41,9252.96
2006,lubelskie,06,1297,0.46,2172766,1013049,46.62,42788,3632.24,14.3,8701.2
2006,lubuskie,08,668,0.44,1008520,645551,64.01,25449,3074.26,76.88,10107.48
2006,łódzkie,10,1802,0.44,2566198,1657288,64.58,67524,3402.34,46.52,10042.8
2006,małopolskie,12,2368,0.44,3271206,1618146,49.47,83078,3570.79,15.31,9181.2
2006,mazowieckie,14,4045,0.44,5171702,3346700,64.71,225468,3574.15,30.29,12585.6
2006,opolskie,16,786,0.41,1041941,547815,52.58,23848,3320.56,50.86,9538.8
2006,podkarpackie,18,1048,0.45,2097564,849937,40.52,41860,3473.8,12.59,7761.12
2006,podlaskie,20,790,0.46,1196101,711597,59.49,24944,3826.32,14.65,9793.2
2006,pomorskie,22,1620,0.44,2203595,1477253,67.04,60680,3413.12,12.9,10926.12
2006,śląskie,24,3345,0.43,4669137,3666080,78.52,138700,3406.62,33.99,10175.04
2006,świętokrzyskie,26,676,0.45,1279838,579832,45.31,28768,3574.09,24.14,8381.28
2006,warmińsko-mazurskie,28,917,0.44,1426883,855934,59.99,29860,3637.66,20.03,8957.88
2006,wielkopolskie,30,2331,0.45,3378502,1921528,56.88,101142,3282.46,65.11,9769.92
2006,zachodniopomorskie,32,1067,0.45,1692838,1168265,69.01,42644,3243.97,19.53,10017
2007,dolnośląskie,02,1934,0.42,2878410,2033536,70.65,97280,3105.97,15.34,11411.52
2007,kujawsko-pomorskie,04,1404,0.44,2066136,1262577,61.11,55358,3207.84,16.45,10774.56
2007,lubelskie,06,1319,0.48,2166213,1008656,46.56,47816,3358.87,30.18,9499.32
2007,lubuskie,08,666,0.45,1008481,643941,63.85,28077,2881.41,19.07,10971.6
2007,łódzkie,10,1816,0.46,2555898,1647086,64.44,74640,3176.77,19.7,10931.88
2007,małopolskie,12,2383,0.45,3279036,1619751,49.4,90999,3322.2,21.92,10372.44
2007,mazowieckie,14,4163,0.45,5188488,3356370,64.69,250953,3312.89,16.18,14485.8
2007,opolskie,16,774,0.42,1037088,544395,52.49,27160,3073.25,22.96,10988.4
2007,podkarpackie,18,1078,0.45,2097338,850665,40.56,45782,3231.8,44.68,8408.04
2007,podlaskie,20,809,0.47,1192660,710098,59.54,28174,3575.05,8.47,10607.88
2007,pomorskie,22,1639,0.45,2210920,1474874,66.71,67425,3247.58,8.31,12361.92
2007,śląskie,24,3304,0.43,4654115,3647193,78.36,152502,3205.93,23.8,11031.24
2007,świętokrzyskie,26,687,0.44,1275550,578969,45.39,32311,3331.69,22.09,9306.84
2007,warmińsko-mazurskie,28,945,0.45,1426155,855183,59.96,32818,3421.56,8.87,10024.2
2007,wielkopolskie,30,2369,0.45,3386882,1918047,56.63,111635,3064.73,20.29,10674.24
2007,zachodniopomorskie,32,1079,0.45,1692271,1165544,68.87,46499,3053.11,10.16,10842.84
2008,dolnośląskie,02,1974,0.47,2877059,2027745,70.48,104842,3086.19,3.08,13422.84
2008,kujawsko-pomorskie,04,1410,0.49,2067918,1259462,60.9,59712,3192.04,1.32,11399.28
2008,lubelskie,06,1337,0.54,2161832,1006032,46.54,52526,3230.96,10.05,10567.44
2008,lubuskie,08,688,0.49,1008962,643056,63.73,29554,2924.29,12.47,12706.32
2008,łódzkie,10,1881,0.51,2548861,1638657,64.29,81010,3087.87,2.11,12160.32
2008,małopolskie,12,2512,0.49,3287136,1617316,49.2,99368,3186.72,5.35,12008.88
2008,mazowieckie,14,4258,0.5,5204495,3364505,64.65,271221,3222.99,0.82,16037.52
2008,opolskie,16,791,0.47,1033040,541597,52.43,30011,2977.67,2.98,12960.96
2008,podkarpackie,18,1109,0.5,2099495,859465,40.94,50441,3118.3,9.65,9495.24
2008,podlaskie,20,818,0.53,1191470,710073,59.6,29797,3489.2,0.32,11225.76
2008,pomorskie,22,1707,0.51,2219512,1475104,66.46,71236,3269.49,0,13226.28
2008,śląskie,24,3412,0.47,4645665,3635059,78.25,167070,3082.56,3.63,12492.96
2008,świętokrzyskie,26,705,0.48,1272784,576232,45.27,35959,3199.56,2.82,10538.16
2008,warmińsko-mazurskie,28,970,0.51,1427073,854979,59.91,35470,3370.79,0,11748.72
2008,wielkopolskie,30,2426,0.5,3397617,1914841,56.36,121297,3044.43,7.05,12222.12
2008,zachodniopomorskie,32,1117,0.5,1692957,1164058,68.76,50906,3112.77,2.09,12586.92
2009,dolnośląskie,02,1901,0.55,2876627,2021634,70.28,113043,3311.25,1.63,14091.12
2009,kujawsko-pomorskie,04,1447,0.54,2069083,1256730,60.74,62459,3464.57,5.66,12179.88
2009,lubelskie,06,1353,0.59,2157202,1003920,46.54,54331,3531.11,8.88,10907.88
2009,lubuskie,08,702,0.55,1010047,642494,63.61,31133,3147.77,1.98,13239.84
2009,łódzkie,10,1900,0.56,2541832,1630989,64.17,84993,3382.54,8.52,13381.2
2009,małopolskie,12,2533,0.55,3298270,1624829,49.26,105451,3437.52,10.95,12500.76
2009,mazowieckie,14,4346,0.55,5222167,3374711,64.62,292123,3541.23,7.49,17264.76
2009,opolskie,16,802,0.55,1031097,539521,52.32,30487,3225.89,7.24,12987.24
2009,podkarpackie,18,1132,0.55,2101732,863096,41.07,53394,3348.61,9.97,10015.08
2009,podlaskie,20,833,0.58,1189731,715761,60.16,32102,3824.83,0.83,12225.24
2009,pomorskie,22,1760,0.56,2230099,1476586,66.21,78583,3552.8,1.48,13974
2009,śląskie,24,3492,0.56,4640725,3624410,78.1,177558,3320.81,11.39,13368.6
2009,świętokrzyskie,26,721,0.54,1270120,573726,45.17,36896,3454,12.66,11254.68
2009,warmińsko-mazurskie,28,987,0.55,1427118,854339,59.86,37835,3676.37,3.94,13011.36
2009,wielkopolskie,30,2486,0.55,3408281,1912830,56.12,132323,3305.84,2.93,13167.96
2009,zachodniopomorskie,32,1138,0.55,1693198,1162611,68.66,52933,3370.96,0.08,13676.04
2010,dolnośląskie,02,2137,0.59,2917242,2040412,69.94,122717,3868.21,28.84,14870.04
2010,kujawsko-pomorskie,04,1438,0.57,2098711,1271357,60.58,65123,4011.55,53.15,13901.88
2010,lubelskie,06,1395,0.62,2178611,1013036,46.5,57193,3831.36,61.35,11741.88
2010,lubuskie,08,722,0.58,1023215,649781,63.5,32612,3743.21,56.61,13836.72
2010,łódzkie,10,1954,0.6,2542436,1622813,63.83,90129,3868.21,48.55,14144.76
2010,małopolskie,12,2673,0.58,3336699,1640255,49.16,109398,3849.99,26.5,13290.48
2010,mazowieckie,14,4506,0.57,5267072,3380942,64.19,310028,3972.42,55.98,19223.64
2010,opolskie,16,894,0.59,1017241,532927,52.39,31088,3735.73,40.39,13388.76
2010,podkarpackie,18,1152,0.59,2127948,878587,41.29,55351,3658.95,45.6,10887.36
2010,podlaskie,20,860,0.61,1203448,722374,60.03,33628,4192.58,52.32,13238.4
2010,pomorskie,22,1817,0.59,2275494,1499210,65.89,81278,4086.83,42.41,14917.44
2010,śląskie,24,3582,0.59,4634935,3607496,77.83,184647,3805.88,37.7,14021.04
2010,świętokrzyskie,26,744,0.57,1282546,578955,45.14,37764,3861.73,40.12,12316.32
2010,warmińsko-mazurskie,28,1011,0.59,1453782,864661,59.48,39704,4163.3,57.17,13240.68
2010,wielkopolskie,30,2571,0.58,3446745,1927523,55.92,135601,3889.52,52.27,13508.88
2010,zachodniopomorskie,32,1158,0.58,1723741,1186176,68.81,55389,3963.83,39.46,14242.92
2011,dolnośląskie,02,2076,0.62,2916577,2034656,69.76,134089,3151.05,4.08,15395.16
2011,kujawsko-pomorskie,04,1461,0.61,2098370,1267284,60.39,69567,3295.6,8.66,13307.28
2011,lubelskie,06,1385,0.66,2171857,1009175,46.47,62417,3458.41,6.1,12309.6
2011,lubuskie,08,718,0.61,1023158,648692,63.4,34676,2932.26,9.41,14278.68
2011,łódzkie,10,1917,0.64,2533681,1615408,63.76,96642,3225.85,6.77,14438.28
2011,małopolskie,12,2605,0.62,3346796,1641853,49.06,120260,3387.2,13.11,13881.48
2011,mazowieckie,14,4535,0.61,5285604,3393043,64.19,337720,3422.92,4.12,19475.52
2011,opolskie,16,816,0.62,1013950,530395,52.31,33502,3126.34,12.74,14182.8
2011,podkarpackie,18,1166,0.63,2128687,880736,41.37,60561,3326.76,8.11,11254.2
2011,podlaskie,20,852,0.66,1200982,724027,60.29,36527,3710.81,1.73,14699.04
2011,pomorskie,22,1796,0.64,2283500,1498435,65.62,88345,3376,6.86,15443.28
2011,śląskie,24,3529,0.61,4626357,3594242,77.69,200236,3241.44,14.22,14585.28
2011,świętokrzyskie,26,734,0.62,1278116,575507,45.03,40327,3376.37,9.55,12753.36
2011,warmińsko-mazurskie,28,968,0.63,1452596,862394,59.37,42583,3514.63,2.73,13162.44
2011,wielkopolskie,30,2539,0.62,3455477,1924014,55.68,147653,3131.09,7.65,13620.24
2011,zachodniopomorskie,32,1161,0.62,1722739,1185967,68.84,58830,3152.18,5.47,14773.2
2012,dolnośląskie,02,2170,0.66,2914362,2028257,69.6,138374,3384.21,15.13,16404
2012,kujawsko-pomorskie,04,1461,0.65,2096404,1262091,60.2,71653,3530.36,24.09,13607.64
2012,lubelskie,06,1385,0.68,2165651,1005207,46.42,64995,3665.46,57.79,12677.4
2012,lubuskie,08,709,0.65,1023317,647594,63.28,35939,3195.92,22.67,14773.92
2012,łódzkie,10,1902,0.68,2524651,1606066,63.62,100719,3463.44,38.46,15221.04
2012,małopolskie,12,2622,0.65,3354077,1639227,48.87,124275,3592.59,28.2,14278.08
2012,mazowieckie,14,4527,0.65,5301760,3402557,64.18,354076,3648.05,39.16,20520.12
2012,opolskie,16,812,0.66,1010203,527735,52.24,34285,3322.93,36.37,15531.12
2012,podkarpackie,18,1190,0.66,2129951,880726,41.35,62656,3513.81,55.05,11509.44
2012,podlaskie,20,855,0.7,1198690,723303,60.34,37037,3969.48,27.42,14908.68
2012,pomorskie,22,1777,0.69,2290070,1497479,65.39,93579,3619.25,3.67,16206.72
2012,śląskie,24,3489,0.65,4615870,3579983,77.56,204657,3444.37,36.78,15346.44
2012,świętokrzyskie,26,738,0.65,1273995,572136,44.91,40947,3595.66,40.27,13437.12
2012,warmińsko-mazurskie,28,986,0.69,1450697,860237,59.3,43839,3821.92,20.37,13319.4
2012,wielkopolskie,30,2543,0.66,3462196,1920117,55.46,154239,3360.5,20.99,13841.16
2012,zachodniopomorskie,32,1152,0.66,1721405,1183574,68.76,60972,3422.97,5.33,15162.72
2013,dolnośląskie,02,2119,0.65,2909997,2019978,69.42,137609,3424.19,34.74,16137.48
2013,kujawsko-pomorskie,04,1435,0.66,2092564,1256282,60.04,73078,3529.5,31.11,14032.8
2013,lubelskie,06,1392,0.68,2156150,997219,46.25,66055,3518.77,21.31,13266.96
2013,lubuskie,08,718,0.65,1021470,644970,63.14,36469,3269.53,39.75,14856.72
2013,łódzkie,10,1906,0.69,2513093,1593021,63.39,101045,3477.4,38.38,15557.64
2013,małopolskie,12,2631,0.65,3360581,1637252,48.72,126107,3525.2,30.82,14733.6
2013,mazowieckie,14,4587,0.66,5316840,3411493,64.16,361042,3577.85,28.33,20285.04
2013,opolskie,16,810,0.65,1004416,523455,52.12,34325,3306.75,46.73,14385.48
2013,podkarpackie,18,1186,0.66,2129294,878297,41.25,64410,3356.41,29.36,11972.28
2013,podlaskie,20,862,0.69,1194965,721824,60.41,38098,3786.17,13.45,15098.16
2013,pomorskie,22,1774,0.7,2295811,1495443,65.14,93286,3562.7,11.25,17203.68
2013,śląskie,24,3557,0.65,4599447,3559972,77.4,202302,3444.48,43.13,15827.04
2013,świętokrzyskie,26,754,0.66,1268239,567794,44.77,40296,3523.03,34.3,13840.32
2013,warmińsko-mazurskie,28,990,0.7,1446915,857353,59.25,44251,3735.97,19.47,13307.64
2013,wielkopolskie,30,2567,0.66,3467016,1913866,55.2,158107,3396.05,36.22,14480.64
2013,zachodniopomorskie,32,1155,0.66,1718861,1179690,68.63,61287,3409.98,18.4,15070.8
2014,dolnośląskie,02,2045,0.63,2908457,2014847,69.28,144171,2835.5,17.57,16395.96
2014,kujawsko-pomorskie,04,1452,0.63,2089992,1250502,59.83,75769,3115.25,40.25,14418.48
2014,lubelskie,06,1389,0.65,2147746,992787,46.22,68058,3238.16,20.23,14500.2
2014,lubuskie,08,658,0.62,1020307,643742,63.09,38641,2711.09,40.4,15424.44
2014,łódzkie,10,1851,0.66,2504136,1583389,63.23,105655,2998.44,18.33,15520.32
2014,małopolskie,12,2667,0.61,3368336,1637619,48.62,132738,3007.88,2.26,15126.96
2014,mazowieckie,14,4586,0.65,5334511,3427481,64.25,375837,3252.83,21.35,20443.44
2014,opolskie,16,788,0.63,1000858,520618,52.02,36178,2743.48,16.93,14936.28
2014,podkarpackie,18,1178,0.64,2129187,880328,41.35,67147,2943.81,7.48,12636.24
2014,podlaskie,20,881,0.67,1191918,720900,60.48,39445,3591.38,16.1,15103.44
2014,pomorskie,22,1698,0.68,2302077,1493286,64.87,96781,3263.27,21.82,16516.08
2014,śląskie,24,3509,0.63,4585924,3542874,77.26,210907,2903.99,7.96,16580.16
2014,świętokrzyskie,26,745,0.64,1263176,563842,44.64,42003,3111.7,5.34,14396.88
2014,warmińsko-mazurskie,28,940,0.68,1443967,854265,59.16,46445,3437.55,31.56,14756.88
2014,wielkopolskie,30,2563,0.63,3472579,1912222,55.07,165796,2904,38.37,15225.36
2014,zachodniopomorskie,32,1134,0.64,1715431,1177650,68.65,64614,2975.23,22.08,16384.8
2015,dolnośląskie,02,2130,0.64,2904207,2008951,69.17,151942,2974.87,79.83,17662.08
2015,kujawsko-pomorskie,04,1459,0.64,2086210,1244129,59.64,80096,3109.15,55.95,14948.28
2015,lubelskie,06,1402,0.65,2139726,988034,46.18,70343,3161.48,65.63,14720.88
2015,lubuskie,08,688,0.63,1018075,661321,64.96,40237,2848.96,78.1,17034.96
2015,łódzkie,10,1892,0.67,2493603,1572862,63.08,111020,3023.38,88.72,16344.36
2015,małopolskie,12,2672,0.62,3372618,1634901,48.48,142588,3182.77,74.41,15665.4
2015,mazowieckie,14,4635,0.66,5349114,3438225,64.28,399168,3157.97,56.73,21073.8
2015,opolskie,16,780,0.64,996011,517177,51.92,37884,2886.77,115.48,15464.88
2015,podkarpackie,18,1198,0.65,2127657,877671,41.25,70956,3071.81,91.9,12979.68
2015,podlaskie,20,887,0.68,1188800,719890,60.56,40751,3397.14,28.28,15095.16
2015,pomorskie,22,1617,0.69,2307710,1486719,64.42,103697,3252.22,19.97,16571.04
2015,śląskie,24,3530,0.64,4570849,3525289,77.13,222718,3033.61,100.61,17046.48
2015,świętokrzyskie,26,755,0.65,1257179,561219,44.64,43749,3143.46,78.63,14433.6
2015,warmińsko-mazurskie,28,925,0.69,1439675,850385,59.07,48358,3339.06,25.3,15366.12
2015,wielkopolskie,30,2566,0.64,3475323,1906899,54.87,177516,2960.15,81.1,15453.48
2015,zachodniopomorskie,32,1146,0.65,1710482,1172757,68.56,68542,3081.03,32.58,17122.2
2016,dolnośląskie,02,2170,0.59,2903710,2002118,68.95,155828,3157.19,14.08,19032.36
2016,kujawsko-pomorskie,04,1510,0.61,2083927,1239291,59.47,82504,3238.35,18.29,15703.56
2016,lubelskie,06,1402,0.62,2133340,989469,46.38,72768,3390.28,17.99,15589.68
2016,lubuskie,08,748,0.59,1017376,660397,64.91,41670,3025.97,18.14,17982.24
2016,łódzkie,10,1928,0.64,2485323,1563595,62.91,113907,3208.94,22.71,17498.76
2016,małopolskie,12,2661,0.59,3382260,1637397,48.41,148207,3330.66,14.23,17081.52
2016,mazowieckie,14,4734,0.62,5365898,3449513,64.29,411915,3335.29,21.28,21370.56
2016,opolskie,16,785,0.59,993036,515006,51.86,38419,3085.06,21.3,16679.04
2016,podkarpackie,18,1203,0.62,2127656,876148,41.18,72958,3253.22,23.64,13609.2
2016,podlaskie,20,886,0.64,1186625,719662,60.65,41856,3639.59,9.02,17037.96
2016,pomorskie,22,1749,0.66,2315611,1486811,64.21,108241,3346.86,7.66,18724.2
2016,śląskie,24,3499,0.6,4559164,3510034,76.99,228849,3205.89,15.73,18158.76
2016,świętokrzyskie,26,752,0.62,1252900,558422,44.57,44549,3309.06,23.97,15671.52
2016,warmińsko-mazurskie,28,1011,0.65,1436367,847949,59.03,50017,3522.15,12.28,16461.48
2016,wielkopolskie,30,2676,0.61,3481625,1903630,54.68,184432,3134.97,18.16,16799.88
2016,zachodniopomorskie,32,1195,0.62,1708174,1170050,68.5,69840,3188.85,10.57,17794.8
2017,dolnośląskie,02,2234,0.63,2902547,1996356,68.78,166194,3152.5,13.76,19514.16
2017,kujawsko-pomorskie,04,1517,0.64,2082944,1234999,59.29,87500,3215.68,8.74,17478.6
2017,lubelskie,06,1411,0.66,2126317,988365,46.48,77947,3396.04,41.87,17238.96
2017,lubuskie,08,747,0.63,1016832,659689,64.88,43849,2966.8,9.37,19094.52
2017,łódzkie,10,1950,0.67,2476315,1553425,62.73,121221,3247.09,27.23,18792.24
2017,małopolskie,12,2722,0.61,3391380,1637850,48.29,160331,3429.24,34.84,17902.92
2017,mazowieckie,14,4803,0.66,5384617,3463514,64.32,444869,3334.31,24.64,22945.08
2017,opolskie,16,796,0.63,990069,522594,52.78,40809,3100.89,28.37,18128.76
2017,podkarpackie,18,1215,0.66,2129138,876243,41.15,77224,3291.3,46.52,15051.6
2017,podlaskie,20,893,0.67,1184548,719151,60.71,45244,3587.36,10.38,19026.84
2017,pomorskie,22,1725,0.69,2324251,1484837,63.88,115705,3363.59,0.13,19788.48
2017,śląskie,24,3530,0.64,4548180,3496038,76.87,243894,3287.88,35.42,19749
2017,świętokrzyskie,26,761,0.65,1247732,556176,44.57,47330,3403.83,39.49,17192.16
2017,warmińsko-mazurskie,28,994,0.69,1433945,846422,59.03,52634,3518.04,1.63,17953.8
2017,wielkopolskie,30,2694,0.64,3489210,1903380,54.55,197738,3100.47,11.8,19279.68
2017,zachodniopomorskie,32,1188,0.65,1705533,1170214,68.61,74345,3134.18,0.83,19831.2
2018,dolnośląskie,02,2245,0.63,2901225,1990503,68.61,176730,2923.19,38.17,21066
2018,kujawsko-pomorskie,04,1508,0.64,2077775,1227851,59.09,94368,3090.9,41.95,19335.96
2018,lubelskie,06,1408,0.66,2117619,983840,46.46,81860,3251.93,11.53,18332.28
2018,lubuskie,08,754,0.62,1014548,658924,64.95,46689,2855.12,59.91,19978.68
2018,łódzkie,10,1960,0.67,2466322,1542678,62.55,129531,3048.27,37.25,19446
2018,małopolskie,12,2716,0.61,3400577,1638741,48.19,174343,3150.08,10.59,19534.2
2018,mazowieckie,14,4828,0.66,5403412,3479928,64.4,483072,3205.77,30.63,24379.08
2018,opolskie,16,792,0.63,986506,525853,53.3,43641,2847.57,48.09,19071.6
2018,podkarpackie,18,1219,0.66,2129015,874832,41.09,83872,3082.82,8.69,16167.12
2018,podlaskie,20,904,0.67,1181533,718272,60.79,48323,3479.06,16.13,19161.12
2018,pomorskie,22,1744,0.69,2333523,1485611,63.66,125908,3232.12,22.05,20850.48
2018,śląskie,24,3520,0.64,4533565,3478789,76.73,262227,3031.76,21.99,21084.36
2018,świętokrzyskie,26,765,0.65,1241546,556952,44.86,51212,3153.76,14.16,18597.84
2018,warmińsko-mazurskie,28,993,0.69,1428983,842964,58.99,55295,3394.39,31.68,18657.72
2018,wielkopolskie,30,2734,0.64,3493969,1896325,54.27,210796,2944.81,49.05,19559.76
2018,zachodniopomorskie,32,1193,0.65,1701030,1165181,68.5,79718,3021.54,26.23,20666.76
2019,dolnośląskie,02,2278,0.56,2900163,1984044,68.41,190481,2853.17,52.03,23462.4
2019,kujawsko-pomorskie,04,1490,0.6,2072373,1220444,58.89,99333,2944.38,57.91,21249.84
2019,lubelskie,06,1391,0.61,2108270,979357,46.45,88193,2981.55,40.39,18681.12
2019,lubuskie,08,763,0.57,1011592,656539,64.9,49692,2737.17,85.23,21529.44
2019,łódzkie,10,1960,0.61,2454779,1530967,62.37,140545,2867.11,66.87,21715.8
2019,małopolskie,12,2744,0.57,3410901,1644172,48.2,187099,3017.82,37.12,21276.96
2019,mazowieckie,14,4849,0.62,5423168,3495722,64.46,528332,2970.08,48.49,25296.12
2019,opolskie,16,791,0.56,982626,523148,53.24,46715,2756.93,62.29,20247.48
2019,podkarpackie,18,1212,0.6,2127164,880609,41.4,90463,2879.5,40.24,17657.88
2019,podlaskie,20,900,0.61,1178353,716923,60.84,52258,3210.08,21.03,20900.4
2019,pomorskie,22,1754,0.64,2343928,1488127,63.49,136143,3100.47,25.2,22319.76
2019,śląskie,24,3541,0.59,4517635,3460667,76.6,278163,2906.48,51.5,22768.68
2019,świętokrzyskie,26,762,0.61,1233961,560152,45.39,54174,2987.88,46.53,19517.52
2019,warmińsko-mazurskie,28,988,0.64,1422737,842096,59.19,58761,3184.86,29.99,19166.16
2019,wielkopolskie,30,2765,0.6,3498733,1889393,54,228686,2817.91,78.05,21683.76
2019,zachodniopomorskie,32,1206,0.59,1696193,1160706,68.43,84890,2896.08,42.09,21613.32
2020,dolnośląskie,02,2358,0.63,2908378,1974680,67.9,197248,2901.5,14.53,24374.88
2020,kujawsko-pomorskie,04,1548,0.67,2031550,1188959,58.52,103382,2972.05,13.51,22144.08
2020,lubelskie,06,1409,0.67,2056908,949683,46.17,89558,3087.32,1.85,20148.24
2020,lubuskie,08,763,0.64,993329,642533,64.68,50702,2725,33,23657.64
2020,łódzkie,10,1959,0.68,2415816,1500809,62.12,147012,2971.18,17.21,22461.96
2020,małopolskie,12,2808,0.64,3432692,1649749,48.06,191314,3177,3.04,22976.88
2020,mazowieckie,14,4991,0.68,5517616,3564563,64.6,541927,3055.02,4.58,26886.24
2020,opolskie,16,802,0.63,955844,508616,53.21,47174,2856.44,17.2,20536.08
2020,podkarpackie,18,1223,0.67,2096166,862508,41.15,90201,3043.96,8.55,19062.84
2020,podlaskie,20,920,0.67,1156591,704659,60.93,54108,3223.12,0.06,23379.72
2020,pomorskie,22,1840,0.72,2358256,1489406,63.16,136357,3055.34,4.67,21589.44
2020,śląskie,24,3592,0.66,4412097,3360926,76.18,274450,3052.82,5.3,24604.32
2020,świętokrzyskie,26,777,0.67,1199584,539924,45.01,55455,3113.47,7.17,20723.04
2020,warmińsko-mazurskie,28,998,0.71,1385622,821530,59.29,61217,3121.29,3.4,22608.6
2020,wielkopolskie,30,2819,0.67,3507042,1882282,53.67,235730,2828.24,29.14,21469.56
2020,zachodniopomorskie,32,1220,0.66,1661073,1136448,68.42,87074,2898.33,16.32,22345.08
2021,dolnośląskie,02,2499,0.7,2897737,1964392,67.79,225219,3307.5,12.1,26560.44
2021,kujawsko-pomorskie,04,1544,0.74,2017720,1175552,58.26,115972,3460.38,27.35,23186.64
2021,lubelskie,06,1430,0.74,2038299,941638,46.2,99626,3617.23,45.36,22882.08
2021,lubuskie,08,798,0.7,985487,635240,64.46,56948,3152.85,24.55,25522.2
2021,łódzkie,10,1963,0.75,2394946,1482200,61.89,162502,3458.98,23.8,25035.48
2021,małopolskie,12,2901,0.7,3430370,1644733,47.95,218065,3567.52,24.19,24466.56
2021,mazowieckie,14,5143,0.76,5512794,3562406,64.62,600411,3597.06,30.47,29404.44
2021,opolskie,16,822,0.7,948583,503095,53.04,54539,3266.37,20.02,20290.32
2021,podkarpackie,18,1221,0.74,2085932,859209,41.19,102639,3491.44,45.49,20448.96
2021,podlaskie,20,942,0.74,1148720,699683,60.91,59941,3872.04,41.06,24057.24
2021,pomorskie,22,1799,0.78,2358726,1482755,62.86,158537,3522.47,20.23,22029.6
2021,śląskie,24,3704,0.73,4375947,3325986,76.01,316735,3459.55,20.03,26158.68
2021,świętokrzyskie,26,790,0.74,1187693,533449,44.91,61918,3581.84,29.91,22375.56
2021,warmińsko-mazurskie,28,1029,0.78,1374699,813490,59.18,68449,3719.47,34.31,24833.64
2021,wielkopolskie,30,2777,0.74,3500030,1874165,53.55,262662,3303.3,26.5,22570.92
2021,zachodniopomorskie,32,1228,0.73,1650021,1126021,68.24,97353,3291.27,23.23,24344.28
2022,dolnośląskie,02,2399.9,0.74,2888033,1950542,67.54,258878,2977.59,41.24,27513.12
2022,kujawsko-pomorskie,04,1458.47,0.77,2006876,1166346,58.12,135082,3174.36,56.26,25685.88
2022,lubelskie,06,1264.1,0.78,2024637,935128,46.19,114306,3346.96,30.25,25061.16
2022,lubuskie,08,745.3,0.74,979976,629692,64.26,66083,2823.26,76.73,27024
2022,łódzkie,10,1914.34,0.78,2378483,1468809,61.75,186819,3154.36,30.59,27376.2
2022,małopolskie,12,2679.59,0.74,3429014,1640055,47.83,248454,3248.41,24.82,26840.04
2022,mazowieckie,14,4939.88,0.79,5510612,3562901,64.66,717564,3310.62,32.92,32231.16
2022,opolskie,16,767.96,0.74,942441,498469,52.89,61409,2951.94,42.26,22917.72
2022,podkarpackie,18,1098.27,0.77,2079098,854227,41.09,115902,3159.24,33.19,21948.6
2022,podlaskie,20,866.35,0.78,1143355,695787,60.85,70150,3609.19,18.11,28255.32
2022,pomorskie,22,1710.86,0.81,2358307,1475748,62.58,191462,3312.33,36.51,24244.2
2022,śląskie,24,3479.21,0.76,4346702,3298780,75.89,374294,3152.64,26.35,28533.12
2022,świętokrzyskie,26,722.83,0.78,1178164,528199,44.83,69158,3283.5,35.05,23801.04
2022,warmińsko-mazurskie,28,960.99,0.81,1366430,806321,59.01,77650,3439.85,35.84,25227
2022,wielkopolskie,30,2665.69,0.77,3493577,1861954,53.3,303203,2974.57,73.71,24889.32
2022,zachodniopomorskie,32,1186.26,0.77,1640622,1116968,68.08,110436,3063.57,43.12,28108.68
2023,dolnośląskie,02,2445.95,0.88,2879271,1939504,67.36,282957,2844.51,26.21,32878.8
2023,kujawsko-pomorskie,04,1480.7,0.92,1996003,1155424,57.89,143435,2984.39,27.77,30409.8
2023,lubelskie,06,1239.43,0.92,2011047,926885,46.09,123628,3005.24,38.17,29537.28
2023,lubuskie,08,747.92,0.88,975023,624598,64.06,71128,2746.15,25.89,32947.92
2023,łódzkie,10,1892.31,0.93,2362519,1459655,61.78,206332,2926.02,26.93,30665.52
2023,małopolskie,12,2670.97,0.88,3429632,1641971,47.88,275613,3014.25,13.66,33479.28
2023,mazowieckie,14,4898.98,0.93,5510527,3562270,64.64,811169,3030.56,34.88,38507.88
2023,opolskie,16,776.63,0.88,936725,494029,52.74,66706,2753.58,32.67,0
2023,podkarpackie,18,1085.43,0.92,2071676,849161,40.99,129230,2892.98,35.48,27371.64
2023,podlaskie,20,867.63,0.92,1138216,692133,60.81,76738,3238.88,26.62,32174.4
2023,pomorskie,22,1731.12,0.96,2359573,1470461,62.32,204734,3106.46,5.37,27501.84
2023,śląskie,24,3419.43,0.87,4320130,3274119,75.79,404848,2911.49,16.29,34704.48
2023,świętokrzyskie,26,724.05,0.92,1168499,526512,45.06,77531,3000.81,22.59,29025.12
2023,warmińsko-mazurskie,28,953.95,0.96,1357910,799788,58.9,84395,3169.22,28.05,29136.72
2023,wielkopolskie,30,2690.17,0.92,3487973,1849631,53.03,335573,2837.46,30.32,29940.24
2023,zachodniopomorskie,32,1182.34,0.91,1631784,1110406,68.05,121257,2927.37,8.34,33609.72
2024,dolnośląskie,02,2708,0.97,2868242,1924741,67.11,302269,2605.75,37.93,37576.56
2024,kujawsko-pomorskie,04,1694,1.01,1984479,1149668,57.93,153798,2712.46,51.05,36233.28
2024,lubelskie,06,1501,1.04,1996440,922698,46.22,135033,2841.59,60.6,34865.04
2024,lubuskie,08,861,0.97,969819,620541,63.99,76040,2531.85,42.92,39080.4
2024,łódzkie,10,2279,1.04,2345924,1452889,61.93,219173,2676.94,46.05,37967.76
2024,małopolskie,12,3014,0.97,3429084,1639583,47.81,297163,2790.32,31.05,39051.24
2024,mazowieckie,14,5425,1.04,5508322,3569116,64.79,872530,2791.33,44.33,43587.12
2024,opolskie,16,871,0.97,930296,490784,52.76,71313,2547.78,46.52,30453.84
2024,podkarpackie,18,1203,1.03,2062997,846651,41.04,140727,2731.1,71.52,33928.68
2024,podlaskie,20,1009,1.04,1132641,688048,60.75,82373,3003.6,20.67,39117.72
2024,pomorskie,22,1971,1.07,2359493,1465450,62.11,219563,2822.62,21.04,38323.32
2024,śląskie,24,3795,0.96,4291441,3248196,75.69,419348,2677.47,37.07,38913
2024,świętokrzyskie,26,789,1.04,1157991,522311,45.1,84575,2795.94,41.2,34274.04
2024,warmińsko-mazurskie,28,1074,1.07,1349172,792466,58.74,90396,2920.58,29.53,34678.32
2024,wielkopolskie,30,3083,1.01,3479986,1840426,52.89,359824,2583.04,52.84,36802.44
2024,zachodniopomorskie,32,1384,1,1622760,1102399,67.93,129307,2633.02,28.62,37325.64
